<?xml version="1.0"?>
<assessmentItems>
	<assessmentItem subject="Web" author="jvadillo001@ikasle.ehu.eus">
		<itemBody>
			<p>Tag HTML para a&#xF1;adir un formulario</p>
		</itemBody>
		<correctResponse>
			<value>
				FORM
			</value>
		</correctResponse>
		<incorrectResponses>
			<value> OBJECT </value>
			<value> TABLE </value>
			<value> DIV </value>
		</incorrectResponses>
	</assessmentItem>
		<assessmentItem subject="Internet" author="rarruabarrena001@ikasle.ehu.eus">
		<itemBody>
			<p>Este protocolo acabar&#xE1; funcionando
			incluso entre dos latas unidas por un cord&#xF3;n</p>
		</itemBody>
		<correctResponse>
			<value>
				TCP/IP
			</value>
		</correctResponse>
		<incorrectResponses>
			<value> HTTP </value>
			<value> SMTP </value>
			<value> Ninguna es correcta </value>
		</incorrectResponses>
	</assessmentItem>
<assessmentItem subject="prueba" author="email123@ikasle.ehu.eus"><itemBody><p>Esto es una prueba</p></itemBody><correctResponse><value>si</value></correctResponse><incorrectResponses><value>no</value><value>si</value><value>no</value></incorrectResponses></assessmentItem><assessmentItem subject="prueba" author="email123@ikasle.ehu.eus"><itemBody><p>Esto es una prueba 2</p></itemBody><correctResponse><value>si</value></correctResponse><incorrectResponses><value>no</value><value>si</value><value>no</value></incorrectResponses></assessmentItem><assessmentItem subject="FUTBOL" author="ablazquez012@ikasle.ehu.eus"><itemBody><p>&#xBF;Quien gano la ultima liga?</p></itemBody><correctResponse><value>FC BARCELONA</value></correctResponse><incorrectResponses><value>k</value><value>k</value><value>k</value></incorrectResponses></assessmentItem></assessmentItems>
